{"cameraMode":{"drawMode":0,"name":"Shaded","section":"Shading Mode"},"sceneLighting":false,"audioPlay":false,"sceneViewState":{"showFog":true,"showMaterialUpdate":false,"showSkybox":false,"showFlares":true,"showImageEffects":true,"showParticleSystems":true},"in2DMode":false,"pivot":{"x":2.509999990463257,"y":0.0,"z":3.3399999141693117},"rotation":{"x":0.35283324122428896,"y":0.037587057799100879,"z":-0.014185511507093907,"w":0.9348291754722595},"size":2.013664960861206,"orthographic":true}